recordings/12/S_1791357039691_6a3338f2/7.m4a	D:/project/github/senior-anti-fraud-guard/uploads/recordings/20261007_100926_d1d1f261.m4a
recordings/12/S_1791360036867_832d9b82/8.m4a	D:/project/github/senior-anti-fraud-guard/uploads/recordings/20261007_101022_dc3ab4e0.m4a
recordings/12/S_1791357039691_6a3338f2/9.m4a	D:/project/github/senior-anti-fraud-guard/uploads/recordings/20261007_101459_0f58e683.m4a
recordings/12/S_1791360036867_832d9b82/10.m4a	D:/project/github/senior-anti-fraud-guard/uploads/recordings/20261007_101555_3da7a825.m4a
recordings/12/S_1791357039691_6a3338f2/11.m4a	D:/project/github/senior-anti-fraud-guard/uploads/recordings/20261007_101711_1203c8ea.m4a
recordings/12/S_1791360036867_832d9b82/12.m4a	D:/project/github/senior-anti-fraud-guard/uploads/recordings/20261007_101806_327cc9ba.m4a
recordings/12/S_1791368978757_be4f1961/13.m4a	D:/project/github/senior-anti-fraud-guard/uploads/recordings/20261007_103944_921dc270.m4a
recordings/12/S_1791368978757_be4f1961/14.m4a	D:/project/github/senior-anti-fraud-guard/uploads/recordings/20261007_104944_1ffc5422.m4a
recordings/12/S_1791368978757_be4f1961/15.m4a	D:/project/github/senior-anti-fraud-guard/uploads/recordings/20261007_105945_43deee1c.m4a
recordings/12/S_1791377463166_bb13b72e/16.m4a	D:/project/github/senior-anti-fraud-guard/uploads/recordings/20261007_130239_d6ebeeaf.m4a
recordings/12/S_1791377463166_bb13b72e/17.m4a	D:/project/github/senior-anti-fraud-guard/uploads/recordings/20261007_131108_398b4870.m4a
recordings/12/S_1791377463166_bb13b72e/18.m4a	D:/project/github/senior-anti-fraud-guard/uploads/recordings/20261007_132107_e3d1662d.m4a
recordings/12/S_1791446025102_1d8e2c89/19.m4a	D:/project/github/senior-anti-fraud-guard/uploads/recordings/20261008_080348_fa300a25.m4a
recordings/12/S_1791448100810_deddb2a5/20.m4a	D:/project/github/senior-anti-fraud-guard/uploads/recordings/20261008_083823_50ce7bcf.m4a
recordings/12/S_1791452749710_d066b76c/21.m4a	D:/project/github/senior-anti-fraud-guard/uploads/recordings/20261008_095556_07d1805d.m4a
recordings/12/S_1791454056416_e314ea4d/22.m4a	D:/project/github/senior-anti-fraud-guard/uploads/recordings/20261008_101741_beda00ce.m4a
recordings/12/S_1791463237158_3d22fccc/23.m4a	D:/project/github/senior-anti-fraud-guard/uploads/recordings/20261008_124541_505126bc.m4a
recordings/12/S_1791481632775_cfb87951/24.m4a	D:/project/github/senior-anti-fraud-guard/uploads/recordings/20261008_232604_915342e9.m4a
